Term,NumPostings
Hadoop,60.0
Java,53.3333333333
Hive,46.6666666667
SQL,40.0
Pig,40.0
Spark,33.3333333333
Cassandra,33.3333333333
NoSQL,33.3333333333
Excel,26.6666666667
Python,26.6666666667
MapReduce,26.6666666667
HBase,26.6666666667
Shark,20.0
Tableau,13.3333333333
Scala,13.3333333333
R,13.3333333333
Ruby,13.3333333333
JavaScript,6.66666666667
MongoDB,6.66666666667
Oozie,6.66666666667
Perl,6.66666666667
