Term,NumPostings
SQL,80.0
R,53.3333333333
NoSQL,40.0
Java,26.6666666667
JavaScript,26.6666666667
Ruby,26.6666666667
Python,20.0
C++,20.0
SAS,6.66666666667
