Term,NumPostings
Excel,16.6666666667
Java,8.33333333333
NoSQL,8.33333333333
Hadoop,8.33333333333
Perl,8.33333333333
SQL,8.33333333333
