Term,NumPostings
Excel,21.5189873418
SQL,20.253164557
Java,18.9873417722
Perl,15.1898734177
C++,13.9240506329
JavaScript,11.3924050633
SAS,11.3924050633
Ruby,6.32911392405
Tableau,5.06329113924
Python,2.53164556962
R,1.26582278481
SPSS,1.26582278481
