Term,NumPostings
SQL,100.0
R,66.6666666667
NoSQL,33.3333333333
