Term,NumPostings
Excel,43.9024390244
SQL,36.5853658537
Tableau,14.6341463415
SAS,14.6341463415
JavaScript,7.31707317073
R,7.31707317073
Java,4.87804878049
SPSS,2.43902439024
