Term,NumPostings
SQL,40.0
Excel,14.5454545455
SAS,3.63636363636
Tableau,3.63636363636
Hadoop,1.81818181818
