Term,NumPostings
Python,18.1818181818
SQL,18.1818181818
Flume,9.09090909091
Java,9.09090909091
NoSQL,9.09090909091
MongoDB,9.09090909091
Hadoop,9.09090909091
Hive,9.09090909091
Pig,9.09090909091
R,9.09090909091
Spark,9.09090909091
HBase,9.09090909091
Cassandra,9.09090909091
