Term,NumPostings
SQL,36.3636363636
Java,27.2727272727
Hadoop,27.2727272727
NoSQL,18.1818181818
Python,18.1818181818
Perl,18.1818181818
JavaScript,18.1818181818
R,18.1818181818
Hive,18.1818181818
Flume,9.09090909091
HBase,9.09090909091
Spark,9.09090909091
C++,9.09090909091
MapReduce,9.09090909091
Tableau,9.09090909091
Pig,9.09090909091
MongoDB,9.09090909091
Scala,9.09090909091
Cassandra,9.09090909091
