Term,NumPostings
Python,33.3333333333
Excel,33.3333333333
Hadoop,33.3333333333
Pig,33.3333333333
Tableau,33.3333333333
R,33.3333333333
Spark,33.3333333333
