Term,NumPostings
Excel,33.3333333333
Java,33.3333333333
