Term,NumPostings
Hive,44.4444444444
Hadoop,44.4444444444
Java,22.2222222222
NoSQL,22.2222222222
MapReduce,22.2222222222
Mahout,22.2222222222
SQL,22.2222222222
SAS,22.2222222222
Spark,22.2222222222
Pig,22.2222222222
HBase,22.2222222222
Cassandra,22.2222222222
