Term,NumPostings
SQL,39.4736842105
Excel,34.2105263158
Tableau,10.5263157895
R,10.5263157895
SAS,10.5263157895
Java,7.89473684211
JavaScript,7.89473684211
SPSS,2.63157894737
