Term,NumPostings
SQL,35.5555555556
Excel,26.6666666667
Tableau,17.7777777778
SAS,11.1111111111
R,4.44444444444
Java,2.22222222222
JavaScript,2.22222222222
SPSS,2.22222222222
