Term,NumPostings
SQL,66.6666666667
Tableau,33.3333333333
