Term,NumPostings
Excel,48.3870967742
SQL,38.7096774194
Tableau,16.1290322581
JavaScript,6.45161290323
Hadoop,3.22580645161
R,3.22580645161
SAS,3.22580645161
