Term,NumPostings
Hadoop,33.3333333333
SQL,33.3333333333
