Term,NumPostings
SQL,43.1818181818
Excel,40.9090909091
SAS,9.09090909091
JavaScript,6.81818181818
Tableau,6.81818181818
Hadoop,4.54545454545
R,4.54545454545
Java,2.27272727273
NoSQL,2.27272727273
Python,2.27272727273
Matlab,2.27272727273
Perl,2.27272727273
